length,percentage
0,0.0
1.0,0.0
1.5,3.0444964871194378
2.0,56.440281030444964
2.5,92.97423887587821
3.0,97.65807962529274
3.5,98.82903981264637
4.0,99.06323185011709
4.5,99.29742388758783
5.0,99.29742388758783
5.5,99.29742388758783
6.0,99.29742388758783
